1,2,3,4,5,6,7,8,9,10,11,12,13,14,15,16,17,18,19,20,21,22,23,24,25,26,27,28,29,30,31,32,33,34,35,36,37,38,39,40,41,42,43,44,45,??:0|_ZN9Backtrace15getGNUBacktraceEv|*
??:0|_ZN9Backtrace12getBacktraceEv|*
??:0|_ZN18TransitionsManager10buildStateEv|*
??:0|_ZN18TransitionsManager22transitionAfterMPICallEv|*
??:0|MPI_Allreduce|*
/g/g90/mitra3/work/LAMMPS/lammps-22Jun07/src/Obj_g++/atom.cpp:559|_ZN9LAMMPS_NS4Atom10tag_extendEv
/g/g90/mitra3/work/LAMMPS/lammps-22Jun07/src/Obj_g++/create_atoms.cpp:151|_ZN9LAMMPS_NS11CreateAtoms7commandEiPPc
/g/g90/mitra3/work/LAMMPS/lammps-22Jun07/src/Obj_g++/style.h:57|_ZN9LAMMPS_NS5Input15execute_commandEv
/g/g90/mitra3/work/LAMMPS/lammps-22Jun07/src/Obj_g++/input.cpp:187|_ZN9LAMMPS_NS5Input4fileEv
/g/g90/mitra3/work/LAMMPS/lammps-22Jun07/src/Obj_g++/main.cpp:32|main
??:0|__libc_start_main
46,??:0|_ZN9Backtrace15getGNUBacktraceEv|*
??:0|_ZN9Backtrace12getBacktraceEv|*
??:0|_ZN18TransitionsManager10buildStateEv|*
??:0|_ZN18TransitionsManager23transitionBeforeMPICallEv|*
??:0|_Z13beforeMPICallPKcz|*
??:0|MPI_Scan|*
/g/g90/mitra3/work/LAMMPS/lammps-22Jun07/src/Obj_g++/atom.cpp:567|_ZN9LAMMPS_NS4Atom10tag_extendEv
/g/g90/mitra3/work/LAMMPS/lammps-22Jun07/src/Obj_g++/create_atoms.cpp:151|_ZN9LAMMPS_NS11CreateAtoms7commandEiPPc
/g/g90/mitra3/work/LAMMPS/lammps-22Jun07/src/Obj_g++/style.h:57|_ZN9LAMMPS_NS5Input15execute_commandEv
/g/g90/mitra3/work/LAMMPS/lammps-22Jun07/src/Obj_g++/input.cpp:187|_ZN9LAMMPS_NS5Input4fileEv
/g/g90/mitra3/work/LAMMPS/lammps-22Jun07/src/Obj_g++/main.cpp:32|main
??:0|__libc_start_main
47,??:0|_ZN9Backtrace15getGNUBacktraceEv|*
??:0|_ZN9Backtrace12getBacktraceEv|*
??:0|_ZN18TransitionsManager10buildStateEv|*
??:0|_ZN18TransitionsManager22transitionAfterMPICallEv|*
??:0|MPI_Scan|*
/g/g90/mitra3/work/LAMMPS/lammps-22Jun07/src/Obj_g++/atom.cpp:567|_ZN9LAMMPS_NS4Atom10tag_extendEv
/g/g90/mitra3/work/LAMMPS/lammps-22Jun07/src/Obj_g++/create_atoms.cpp:151|_ZN9LAMMPS_NS11CreateAtoms7commandEiPPc
/g/g90/mitra3/work/LAMMPS/lammps-22Jun07/src/Obj_g++/style.h:57|_ZN9LAMMPS_NS5Input15execute_commandEv
/g/g90/mitra3/work/LAMMPS/lammps-22Jun07/src/Obj_g++/input.cpp:187|_ZN9LAMMPS_NS5Input4fileEv
/g/g90/mitra3/work/LAMMPS/lammps-22Jun07/src/Obj_g++/main.cpp:32|main
??:0|__libc_start_main
48,??:0|_ZN9Backtrace15getGNUBacktraceEv|*
??:0|_ZN9Backtrace12getBacktraceEv|*
??:0|_ZN18TransitionsManager10buildStateEv|*
??:0|_ZN18TransitionsManager23transitionBeforeMPICallEv|*
??:0|_Z13beforeMPICallPKcz|*
??:0|MPI_Allreduce|*
/g/g90/mitra3/work/LAMMPS/lammps-22Jun07/src/Obj_g++/group.cpp:424|_ZN9LAMMPS_NS5Group5countEi
/g/g90/mitra3/work/LAMMPS/lammps-22Jun07/src/Obj_g++/compute_temp.cpp:62|_ZN9LAMMPS_NS11ComputeTemp7recountEv
/g/g90/mitra3/work/LAMMPS/lammps-22Jun07/src/Obj_g++/compute_temp.cpp:55|_ZN9LAMMPS_NS11ComputeTemp4initEv
/g/g90/mitra3/work/LAMMPS/lammps-22Jun07/src/Obj_g++/velocity.cpp:147|_ZN9LAMMPS_NS8Velocity6createEiPPc
/g/g90/mitra3/work/LAMMPS/lammps-22Jun07/src/Obj_g++/velocity.cpp:113|_ZN9LAMMPS_NS8Velocity7commandEiPPc
/g/g90/mitra3/work/LAMMPS/lammps-22Jun07/src/Obj_g++/style.h:70|_ZN9LAMMPS_NS5Input15execute_commandEv
/g/g90/mitra3/work/LAMMPS/lammps-22Jun07/src/Obj_g++/input.cpp:187|_ZN9LAMMPS_NS5Input4fileEv
/g/g90/mitra3/work/LAMMPS/lammps-22Jun07/src/Obj_g++/main.cpp:32|main
??:0|__libc_start_main
49,??:0|_ZN9Backtrace15getGNUBacktraceEv|*
??:0|_ZN9Backtrace12getBacktraceEv|*
??:0|_ZN18TransitionsManager10buildStateEv|*
??:0|_ZN18TransitionsManager22transitionAfterMPICallEv|*
??:0|MPI_Allreduce|*
/g/g90/mitra3/work/LAMMPS/lammps-22Jun07/src/Obj_g++/group.cpp:424|_ZN9LAMMPS_NS5Group5countEi
/g/g90/mitra3/work/LAMMPS/lammps-22Jun07/src/Obj_g++/compute_temp.cpp:62|_ZN9LAMMPS_NS11ComputeTemp7recountEv
/g/g90/mitra3/work/LAMMPS/lammps-22Jun07/src/Obj_g++/compute_temp.cpp:55|_ZN9LAMMPS_NS11ComputeTemp4initEv
/g/g90/mitra3/work/LAMMPS/lammps-22Jun07/src/Obj_g++/velocity.cpp:147|_ZN9LAMMPS_NS8Velocity6createEiPPc
/g/g90/mitra3/work/LAMMPS/lammps-22Jun07/src/Obj_g++/velocity.cpp:113|_ZN9LAMMPS_NS8Velocity7commandEiPPc
/g/g90/mitra3/work/LAMMPS/lammps-22Jun07/src/Obj_g++/style.h:70|_ZN9LAMMPS_NS5Input15execute_commandEv
/g/g90/mitra3/work/LAMMPS/lammps-22Jun07/src/Obj_g++/input.cpp:187|_ZN9LAMMPS_NS5Input4fileEv
/g/g90/mitra3/work/LAMMPS/lammps-22Jun07/src/Obj_g++/main.cpp:32|main
??:0|__libc_start_main
50,??:0|_ZN9Backtrace15getGNUBacktraceEv|*
??:0|_ZN9Backtrace12getBacktraceEv|*
??:0|_ZN18TransitionsManager10buildStateEv|*
??:0|_ZN18TransitionsManager23transitionBeforeMPICallEv|*
??:0|_Z13beforeMPICallPKcz|*
??:0|MPI_Allreduce|*
/g/g90/mitra3/work/LAMMPS/lammps-22Jun07/src/Obj_g++/group.cpp:424|_ZN9LAMMPS_NS5Group5countEi
/g/g90/mitra3/work/LAMMPS/lammps-22Jun07/src/Obj_g++/velocity.cpp:525|_ZN9LAMMPS_NS8Velocity13zero_momentumEv
/g/g90/mitra3/work/LAMMPS/lammps-22Jun07/src/Obj_g++/velocity.cpp:309|_ZN9LAMMPS_NS8Velocity6createEiPPc
/g/g90/mitra3/work/LAMMPS/lammps-22Jun07/src/Obj_g++/velocity.cpp:113|_ZN9LAMMPS_NS8Velocity7commandEiPPc
/g/g90/mitra3/work/LAMMPS/lammps-22Jun07/src/Obj_g++/style.h:70|_ZN9LAMMPS_NS5Input15execute_commandEv
/g/g90/mitra3/work/LAMMPS/lammps-22Jun07/src/Obj_g++/input.cpp:187|_ZN9LAMMPS_NS5Input4fileEv
/g/g90/mitra3/work/LAMMPS/lammps-22Jun07/src/Obj_g++/main.cpp:32|main
??:0|__libc_start_main
51,??:0|_ZN9Backtrace15getGNUBacktraceEv|*
??:0|_ZN9Backtrace12getBacktraceEv|*
??:0|_ZN18TransitionsManager10buildStateEv|*
??:0|_ZN18TransitionsManager22transitionAfterMPICallEv|*
??:0|MPI_Allreduce|*
/g/g90/mitra3/work/LAMMPS/lammps-22Jun07/src/Obj_g++/group.cpp:424|_ZN9LAMMPS_NS5Group5countEi
/g/g90/mitra3/work/LAMMPS/lammps-22Jun07/src/Obj_g++/velocity.cpp:525|_ZN9LAMMPS_NS8Velocity13zero_momentumEv
/g/g90/mitra3/work/LAMMPS/lammps-22Jun07/src/Obj_g++/velocity.cpp:309|_ZN9LAMMPS_NS8Velocity6createEiPPc
/g/g90/mitra3/work/LAMMPS/lammps-22Jun07/src/Obj_g++/velocity.cpp:113|_ZN9LAMMPS_NS8Velocity7commandEiPPc
/g/g90/mitra3/work/LAMMPS/lammps-22Jun07/src/Obj_g++/style.h:70|_ZN9LAMMPS_NS5Input15execute_commandEv
/g/g90/mitra3/work/LAMMPS/lammps-22Jun07/src/Obj_g++/input.cpp:187|_ZN9LAMMPS_NS5Input4fileEv
/g/g90/mitra3/work/LAMMPS/lammps-22Jun07/src/Obj_g++/main.cpp:32|main
??:0|__libc_start_main
52,??:0|_ZN9Backtrace15getGNUBacktraceEv|*
??:0|_ZN9Backtrace12getBacktraceEv|*
??:0|_ZN18TransitionsManager10buildStateEv|*
??:0|_ZN18TransitionsManager23transitionBeforeMPICallEv|*
??:0|_Z13beforeMPICallPKcz|*
??:0|MPI_Allreduce|*
/g/g90/mitra3/work/LAMMPS/lammps-22Jun07/src/Obj_g++/group.cpp:454|_ZN9LAMMPS_NS5Group4massEi
/g/g90/mitra3/work/LAMMPS/lammps-22Jun07/src/Obj_g++/velocity.cpp:530|_ZN9LAMMPS_NS8Velocity13zero_momentumEv
/g/g90/mitra3/work/LAMMPS/lammps-22Jun07/src/Obj_g++/velocity.cpp:309|_ZN9LAMMPS_NS8Velocity6createEiPPc
/g/g90/mitra3/work/LAMMPS/lammps-22Jun07/src/Obj_g++/velocity.cpp:113|_ZN9LAMMPS_NS8Velocity7commandEiPPc
/g/g90/mitra3/work/LAMMPS/lammps-22Jun07/src/Obj_g++/style.h:70|_ZN9LAMMPS_NS5Input15execute_commandEv
/g/g90/mitra3/work/LAMMPS/lammps-22Jun07/src/Obj_g++/input.cpp:187|_ZN9LAMMPS_NS5Input4fileEv
/g/g90/mitra3/work/LAMMPS/lammps-22Jun07/src/Obj_g++/main.cpp:32|main
??:0|__libc_start_main
53,??:0|_ZN9Backtrace15getGNUBacktraceEv|*
??:0|_ZN9Backtrace12getBacktraceEv|*
??:0|_ZN18TransitionsManager10buildStateEv|*
??:0|_ZN18TransitionsManager22transitionAfterMPICallEv|*
??:0|MPI_Allreduce|*
/g/g90/mitra3/work/LAMMPS/lammps-22Jun07/src/Obj_g++/group.cpp:454|_ZN9LAMMPS_NS5Group4massEi
/g/g90/mitra3/work/LAMMPS/lammps-22Jun07/src/Obj_g++/velocity.cpp:530|_ZN9LAMMPS_NS8Velocity13zero_momentumEv
/g/g90/mitra3/work/LAMMPS/lammps-22Jun07/src/Obj_g++/velocity.cpp:309|_ZN9LAMMPS_NS8Velocity6createEiPPc
/g/g90/mitra3/work/LAMMPS/lammps-22Jun07/src/Obj_g++/velocity.cpp:113|_ZN9LAMMPS_NS8Velocity7commandEiPPc
/g/g90/mitra3/work/LAMMPS/lammps-22Jun07/src/Obj_g++/style.h:70|_ZN9LAMMPS_NS5Input15execute_commandEv
/g/g90/mitra3/work/LAMMPS/lammps-22Jun07/src/Obj_g++/input.cpp:187|_ZN9LAMMPS_NS5Input4fileEv
/g/g90/mitra3/work/LAMMPS/lammps-22Jun07/src/Obj_g++/main.cpp:32|main
??:0|__libc_start_main
54,??:0|_ZN9Backtrace15getGNUBacktraceEv|*
??:0|_ZN9Backtrace12getBacktraceEv|*
??:0|_ZN18TransitionsManager10buildStateEv|*
??:0|_ZN18TransitionsManager23transitionBeforeMPICallEv|*
??:0|_Z13beforeMPICallPKcz|*
??:0|MPI_Allreduce|*
/g/g90/mitra3/work/LAMMPS/lammps-22Jun07/src/Obj_g++/group.cpp:616|_ZN9LAMMPS_NS5Group3vcmEidPd
/g/g90/mitra3/work/LAMMPS/lammps-22Jun07/src/Obj_g++/velocity.cpp:532|_ZN9LAMMPS_NS8Velocity13zero_momentumEv
/g/g90/mitra3/work/LAMMPS/lammps-22Jun07/src/Obj_g++/velocity.cpp:309|_ZN9LAMMPS_NS8Velocity6createEiPPc
/g/g90/mitra3/work/LAMMPS/lammps-22Jun07/src/Obj_g++/velocity.cpp:113|_ZN9LAMMPS_NS8Velocity7commandEiPPc
/g/g90/mitra3/work/LAMMPS/lammps-22Jun07/src/Obj_g++/style.h:70|_ZN9LAMMPS_NS5Input15execute_commandEv
/g/g90/mitra3/work/LAMMPS/lammps-22Jun07/src/Obj_g++/input.cpp:187|_ZN9LAMMPS_NS5Input4fileEv
/g/g90/mitra3/work/LAMMPS/lammps-22Jun07/src/Obj_g++/main.cpp:32|main
??:0|__libc_start_main
55,??:0|_ZN9Backtrace15getGNUBacktraceEv|*
??:0|_ZN9Backtrace12getBacktraceEv|*
??:0|_ZN18TransitionsManager10buildStateEv|*
??:0|_ZN18TransitionsManager22transitionAfterMPICallEv|*
??:0|MPI_Allreduce|*
/g/g90/mitra3/work/LAMMPS/lammps-22Jun07/src/Obj_g++/group.cpp:616|_ZN9LAMMPS_NS5Group3vcmEidPd
/g/g90/mitra3/work/LAMMPS/lammps-22Jun07/src/Obj_g++/velocity.cpp:532|_ZN9LAMMPS_NS8Velocity13zero_momentumEv
/g/g90/mitra3/work/LAMMPS/lammps-22Jun07/src/Obj_g++/velocity.cpp:309|_ZN9LAMMPS_NS8Velocity6createEiPPc
/g/g90/mitra3/work/LAMMPS/lammps-22Jun07/src/Obj_g++/velocity.cpp:113|_ZN9LAMMPS_NS8Velocity7commandEiPPc
/g/g90/mitra3/work/LAMMPS/lammps-22Jun07/src/Obj_g++/style.h:70|_ZN9LAMMPS_NS5Input15execute_commandEv
/g/g90/mitra3/work/LAMMPS/lammps-22Jun07/src/Obj_g++/input.cpp:187|_ZN9LAMMPS_NS5Input4fileEv
/g/g90/mitra3/work/LAMMPS/lammps-22Jun07/src/Obj_g++/main.cpp:32|main
??:0|__libc_start_main
56,??:0|_ZN9Backtrace15getGNUBacktraceEv|*
??:0|_ZN9Backtrace12getBacktraceEv|*
??:0|_ZN18TransitionsManager10buildStateEv|*
??:0|_ZN18TransitionsManager23transitionBeforeMPICallEv|*
??:0|_Z13beforeMPICallPKcz|*
??:0|MPI_Allreduce|*
/g/g90/mitra3/work/LAMMPS/lammps-22Jun07/src/Obj_g++/compute_temp.cpp:93|_ZN9LAMMPS_NS11ComputeTemp14compute_scalarEv
/g/g90/mitra3/work/LAMMPS/lammps-22Jun07/src/Obj_g++/velocity.cpp:314|_ZN9LAMMPS_NS8Velocity6createEiPPc
/g/g90/mitra3/work/LAMMPS/lammps-22Jun07/src/Obj_g++/velocity.cpp:113|_ZN9LAMMPS_NS8Velocity7commandEiPPc
/g/g90/mitra3/work/LAMMPS/lammps-22Jun07/src/Obj_g++/style.h:70|_ZN9LAMMPS_NS5Input15execute_commandEv
/g/g90/mitra3/work/LAMMPS/lammps-22Jun07/src/Obj_g++/input.cpp:187|_ZN9LAMMPS_NS5Input4fileEv
/g/g90/mitra3/work/LAMMPS/lammps-22Jun07/src/Obj_g++/main.cpp:32|main
??:0|__libc_start_main
57,??:0|_ZN9Backtrace15getGNUBacktraceEv|*
??:0|_ZN9Backtrace12getBacktraceEv|*
??:0|_ZN18TransitionsManager10buildStateEv|*
??:0|_ZN18TransitionsManager22transitionAfterMPICallEv|*
??:0|MPI_Allreduce|*
/g/g90/mitra3/work/LAMMPS/lammps-22Jun07/src/Obj_g++/compute_temp.cpp:93|_ZN9LAMMPS_NS11ComputeTemp14compute_scalarEv
/g/g90/mitra3/work/LAMMPS/lammps-22Jun07/src/Obj_g++/velocity.cpp:314|_ZN9LAMMPS_NS8Velocity6createEiPPc
/g/g90/mitra3/work/LAMMPS/lammps-22Jun07/src/Obj_g++/velocity.cpp:113|_ZN9LAMMPS_NS8Velocity7commandEiPPc
/g/g90/mitra3/work/LAMMPS/lammps-22Jun07/src/Obj_g++/style.h:70|_ZN9LAMMPS_NS5Input15execute_commandEv
/g/g90/mitra3/work/LAMMPS/lammps-22Jun07/src/Obj_g++/input.cpp:187|_ZN9LAMMPS_NS5Input4fileEv
/g/g90/mitra3/work/LAMMPS/lammps-22Jun07/src/Obj_g++/main.cpp:32|main
??:0|__libc_start_main
58,??:0|_ZN9Backtrace15getGNUBacktraceEv|*
??:0|_ZN9Backtrace12getBacktraceEv|*
??:0|_ZN18TransitionsManager10buildStateEv|*
??:0|_ZN18TransitionsManager23transitionBeforeMPICallEv|*
??:0|_Z13beforeMPICallPKcz|*
??:0|MPI_Allreduce|*
/g/g90/mitra3/work/LAMMPS/lammps-22Jun07/src/Obj_g++/group.cpp:424|_ZN9LAMMPS_NS5Group5countEi
/g/g90/mitra3/work/LAMMPS/lammps-22Jun07/src/Obj_g++/compute_temp.cpp:62|_ZN9LAMMPS_NS11ComputeTemp7recountEv
/g/g90/mitra3/work/LAMMPS/lammps-22Jun07/src/Obj_g++/compute_temp.cpp:55|_ZN9LAMMPS_NS11ComputeTemp4initEv
/g/g90/mitra3/work/LAMMPS/lammps-22Jun07/src/Obj_g++/modify.cpp:158|_ZN9LAMMPS_NS6Modify4initEv
/g/g90/mitra3/work/LAMMPS/lammps-22Jun07/src/Obj_g++/lammps.cpp:309|_ZN9LAMMPS_NS6LAMMPS4initEv
/g/g90/mitra3/work/LAMMPS/lammps-22Jun07/src/Obj_g++/run.cpp:130|_ZN9LAMMPS_NS3Run7commandEiPPc
/g/g90/mitra3/work/LAMMPS/lammps-22Jun07/src/Obj_g++/style.h:66|_ZN9LAMMPS_NS5Input15execute_commandEv
/g/g90/mitra3/work/LAMMPS/lammps-22Jun07/src/Obj_g++/input.cpp:187|_ZN9LAMMPS_NS5Input4fileEv
/g/g90/mitra3/work/LAMMPS/lammps-22Jun07/src/Obj_g++/main.cpp:32|main
??:0|__libc_start_main
59,??:0|_ZN9Backtrace15getGNUBacktraceEv|*
??:0|_ZN9Backtrace12getBacktraceEv|*
??:0|_ZN18TransitionsManager10buildStateEv|*
??:0|_ZN18TransitionsManager22transitionAfterMPICallEv|*
??:0|MPI_Allreduce|*
/g/g90/mitra3/work/LAMMPS/lammps-22Jun07/src/Obj_g++/group.cpp:424|_ZN9LAMMPS_NS5Group5countEi
/g/g90/mitra3/work/LAMMPS/lammps-22Jun07/src/Obj_g++/compute_temp.cpp:62|_ZN9LAMMPS_NS11ComputeTemp7recountEv
/g/g90/mitra3/work/LAMMPS/lammps-22Jun07/src/Obj_g++/compute_temp.cpp:55|_ZN9LAMMPS_NS11ComputeTemp4initEv
/g/g90/mitra3/work/LAMMPS/lammps-22Jun07/src/Obj_g++/modify.cpp:158|_ZN9LAMMPS_NS6Modify4initEv
/g/g90/mitra3/work/LAMMPS/lammps-22Jun07/src/Obj_g++/lammps.cpp:309|_ZN9LAMMPS_NS6LAMMPS4initEv
/g/g90/mitra3/work/LAMMPS/lammps-22Jun07/src/Obj_g++/run.cpp:130|_ZN9LAMMPS_NS3Run7commandEiPPc
/g/g90/mitra3/work/LAMMPS/lammps-22Jun07/src/Obj_g++/style.h:66|_ZN9LAMMPS_NS5Input15execute_commandEv
/g/g90/mitra3/work/LAMMPS/lammps-22Jun07/src/Obj_g++/input.cpp:187|_ZN9LAMMPS_NS5Input4fileEv
/g/g90/mitra3/work/LAMMPS/lammps-22Jun07/src/Obj_g++/main.cpp:32|main
??:0|__libc_start_main
60,??:0|_ZN9Backtrace15getGNUBacktraceEv|*
??:0|_ZN9Backtrace12getBacktraceEv|*
??:0|_ZN18TransitionsManager10buildStateEv|*
??:0|_ZN18TransitionsManager23transitionBeforeMPICallEv|*
??:0|_Z13beforeMPICallPKcz|*
??:0|MPI_Sendrecv|*
/g/g90/mitra3/work/LAMMPS/lammps-22Jun07/src/Obj_g++/comm.cpp:565|_ZN9LAMMPS_NS4Comm8exchangeEv
/g/g90/mitra3/work/LAMMPS/lammps-22Jun07/src/Obj_g++/verlet.cpp:130|_ZN9LAMMPS_NS6Verlet5setupEv
/g/g90/mitra3/work/LAMMPS/lammps-22Jun07/src/Obj_g++/run.cpp:131|_ZN9LAMMPS_NS3Run7commandEiPPc
/g/g90/mitra3/work/LAMMPS/lammps-22Jun07/src/Obj_g++/style.h:66|_ZN9LAMMPS_NS5Input15execute_commandEv
/g/g90/mitra3/work/LAMMPS/lammps-22Jun07/src/Obj_g++/input.cpp:187|_ZN9LAMMPS_NS5Input4fileEv
/g/g90/mitra3/work/LAMMPS/lammps-22Jun07/src/Obj_g++/main.cpp:32|main
??:0|__libc_start_main
61,??:0|_ZN9Backtrace15getGNUBacktraceEv|*
??:0|_ZN9Backtrace12getBacktraceEv|*
??:0|_ZN18TransitionsManager10buildStateEv|*
??:0|_ZN18TransitionsManager22transitionAfterMPICallEv|*
??:0|MPI_Sendrecv|*
/g/g90/mitra3/work/LAMMPS/lammps-22Jun07/src/Obj_g++/comm.cpp:565|_ZN9LAMMPS_NS4Comm8exchangeEv
/g/g90/mitra3/work/LAMMPS/lammps-22Jun07/src/Obj_g++/verlet.cpp:130|_ZN9LAMMPS_NS6Verlet5setupEv
/g/g90/mitra3/work/LAMMPS/lammps-22Jun07/src/Obj_g++/run.cpp:131|_ZN9LAMMPS_NS3Run7commandEiPPc
/g/g90/mitra3/work/LAMMPS/lammps-22Jun07/src/Obj_g++/style.h:66|_ZN9LAMMPS_NS5Input15execute_commandEv
/g/g90/mitra3/work/LAMMPS/lammps-22Jun07/src/Obj_g++/input.cpp:187|_ZN9LAMMPS_NS5Input4fileEv
/g/g90/mitra3/work/LAMMPS/lammps-22Jun07/src/Obj_g++/main.cpp:32|main
??:0|__libc_start_main
62,??:0|_ZN9Backtrace15getGNUBacktraceEv|*
??:0|_ZN9Backtrace12getBacktraceEv|*
??:0|_ZN18TransitionsManager10buildStateEv|*
??:0|_ZN18TransitionsManager23transitionBeforeMPICallEv|*
??:0|_Z13beforeMPICallPKcz|*
??:0|MPI_Sendrecv|*
/g/g90/mitra3/work/LAMMPS/lammps-22Jun07/src/Obj_g++/comm.cpp:569|_ZN9LAMMPS_NS4Comm8exchangeEv
/g/g90/mitra3/work/LAMMPS/lammps-22Jun07/src/Obj_g++/verlet.cpp:130|_ZN9LAMMPS_NS6Verlet5setupEv
/g/g90/mitra3/work/LAMMPS/lammps-22Jun07/src/Obj_g++/run.cpp:131|_ZN9LAMMPS_NS3Run7commandEiPPc
/g/g90/mitra3/work/LAMMPS/lammps-22Jun07/src/Obj_g++/style.h:66|_ZN9LAMMPS_NS5Input15execute_commandEv
/g/g90/mitra3/work/LAMMPS/lammps-22Jun07/src/Obj_g++/input.cpp:187|_ZN9LAMMPS_NS5Input4fileEv
/g/g90/mitra3/work/LAMMPS/lammps-22Jun07/src/Obj_g++/main.cpp:32|main
??:0|__libc_start_main
63,??:0|_ZN9Backtrace15getGNUBacktraceEv|*
??:0|_ZN9Backtrace12getBacktraceEv|*
??:0|_ZN18TransitionsManager10buildStateEv|*
??:0|_ZN18TransitionsManager22transitionAfterMPICallEv|*
??:0|MPI_Sendrecv|*
/g/g90/mitra3/work/LAMMPS/lammps-22Jun07/src/Obj_g++/comm.cpp:569|_ZN9LAMMPS_NS4Comm8exchangeEv
/g/g90/mitra3/work/LAMMPS/lammps-22Jun07/src/Obj_g++/verlet.cpp:130|_ZN9LAMMPS_NS6Verlet5setupEv
/g/g90/mitra3/work/LAMMPS/lammps-22Jun07/src/Obj_g++/run.cpp:131|_ZN9LAMMPS_NS3Run7commandEiPPc
/g/g90/mitra3/work/LAMMPS/lammps-22Jun07/src/Obj_g++/style.h:66|_ZN9LAMMPS_NS5Input15execute_commandEv
/g/g90/mitra3/work/LAMMPS/lammps-22Jun07/src/Obj_g++/input.cpp:187|_ZN9LAMMPS_NS5Input4fileEv
/g/g90/mitra3/work/LAMMPS/lammps-22Jun07/src/Obj_g++/main.cpp:32|main
??:0|__libc_start_main
64,??:0|_ZN9Backtrace15getGNUBacktraceEv|*
??:0|_ZN9Backtrace12getBacktraceEv|*
??:0|_ZN18TransitionsManager10buildStateEv|*
??:0|_ZN18TransitionsManager23transitionBeforeMPICallEv|*
??:0|_Z13beforeMPICallPKcz|*
??:0|MPI_Irecv|*
/g/g90/mitra3/work/LAMMPS/lammps-22Jun07/src/Obj_g++/comm.cpp:575|_ZN9LAMMPS_NS4Comm8exchangeEv
/g/g90/mitra3/work/LAMMPS/lammps-22Jun07/src/Obj_g++/verlet.cpp:130|_ZN9LAMMPS_NS6Verlet5setupEv
/g/g90/mitra3/work/LAMMPS/lammps-22Jun07/src/Obj_g++/run.cpp:131|_ZN9LAMMPS_NS3Run7commandEiPPc
/g/g90/mitra3/work/LAMMPS/lammps-22Jun07/src/Obj_g++/style.h:66|_ZN9LAMMPS_NS5Input15execute_commandEv
/g/g90/mitra3/work/LAMMPS/lammps-22Jun07/src/Obj_g++/input.cpp:187|_ZN9LAMMPS_NS5Input4fileEv
/g/g90/mitra3/work/LAMMPS/lammps-22Jun07/src/Obj_g++/main.cpp:32|main
??:0|__libc_start_main
65,??:0|_ZN9Backtrace15getGNUBacktraceEv|*
??:0|_ZN9Backtrace12getBacktraceEv|*
??:0|_ZN18TransitionsManager10buildStateEv|*
??:0|_ZN18TransitionsManager22transitionAfterMPICallEv|*
??:0|MPI_Irecv|*
/g/g90/mitra3/work/LAMMPS/lammps-22Jun07/src/Obj_g++/comm.cpp:575|_ZN9LAMMPS_NS4Comm8exchangeEv
/g/g90/mitra3/work/LAMMPS/lammps-22Jun07/src/Obj_g++/verlet.cpp:130|_ZN9LAMMPS_NS6Verlet5setupEv
/g/g90/mitra3/work/LAMMPS/lammps-22Jun07/src/Obj_g++/run.cpp:131|_ZN9LAMMPS_NS3Run7commandEiPPc
/g/g90/mitra3/work/LAMMPS/lammps-22Jun07/src/Obj_g++/style.h:66|_ZN9LAMMPS_NS5Input15execute_commandEv
/g/g90/mitra3/work/LAMMPS/lammps-22Jun07/src/Obj_g++/input.cpp:187|_ZN9LAMMPS_NS5Input4fileEv
/g/g90/mitra3/work/LAMMPS/lammps-22Jun07/src/Obj_g++/main.cpp:32|main
??:0|__libc_start_main
66,??:0|_ZN9Backtrace15getGNUBacktraceEv|*
??:0|_ZN9Backtrace12getBacktraceEv|*
??:0|_ZN18TransitionsManager10buildStateEv|*
??:0|_ZN18TransitionsManager23transitionBeforeMPICallEv|*
??:0|_Z13beforeMPICallPKcz|*
??:0|MPI_Send|*
/g/g90/mitra3/work/LAMMPS/lammps-22Jun07/src/Obj_g++/comm.cpp:576|_ZN9LAMMPS_NS4Comm8exchangeEv
/g/g90/mitra3/work/LAMMPS/lammps-22Jun07/src/Obj_g++/verlet.cpp:130|_ZN9LAMMPS_NS6Verlet5setupEv
/g/g90/mitra3/work/LAMMPS/lammps-22Jun07/src/Obj_g++/run.cpp:131|_ZN9LAMMPS_NS3Run7commandEiPPc
/g/g90/mitra3/work/LAMMPS/lammps-22Jun07/src/Obj_g++/style.h:66|_ZN9LAMMPS_NS5Input15execute_commandEv
/g/g90/mitra3/work/LAMMPS/lammps-22Jun07/src/Obj_g++/input.cpp:187|_ZN9LAMMPS_NS5Input4fileEv
/g/g90/mitra3/work/LAMMPS/lammps-22Jun07/src/Obj_g++/main.cpp:32|main
??:0|__libc_start_main
67,??:0|_ZN9Backtrace15getGNUBacktraceEv|*
??:0|_ZN9Backtrace12getBacktraceEv|*
??:0|_ZN18TransitionsManager10buildStateEv|*
??:0|_ZN18TransitionsManager22transitionAfterMPICallEv|*
??:0|MPI_Send|*
/g/g90/mitra3/work/LAMMPS/lammps-22Jun07/src/Obj_g++/comm.cpp:576|_ZN9LAMMPS_NS4Comm8exchangeEv
/g/g90/mitra3/work/LAMMPS/lammps-22Jun07/src/Obj_g++/verlet.cpp:130|_ZN9LAMMPS_NS6Verlet5setupEv
/g/g90/mitra3/work/LAMMPS/lammps-22Jun07/src/Obj_g++/run.cpp:131|_ZN9LAMMPS_NS3Run7commandEiPPc
/g/g90/mitra3/work/LAMMPS/lammps-22Jun07/src/Obj_g++/style.h:66|_ZN9LAMMPS_NS5Input15execute_commandEv
/g/g90/mitra3/work/LAMMPS/lammps-22Jun07/src/Obj_g++/input.cpp:187|_ZN9LAMMPS_NS5Input4fileEv
/g/g90/mitra3/work/LAMMPS/lammps-22Jun07/src/Obj_g++/main.cpp:32|main
??:0|__libc_start_main
68,??:0|_ZN9Backtrace15getGNUBacktraceEv|*
??:0|_ZN9Backtrace12getBacktraceEv|*
??:0|_ZN18TransitionsManager10buildStateEv|*
??:0|_ZN18TransitionsManager23transitionBeforeMPICallEv|*
??:0|_Z13beforeMPICallPKcz|*
??:0|MPI_Wait|*
/g/g90/mitra3/work/LAMMPS/lammps-22Jun07/src/Obj_g++/comm.cpp:577|_ZN9LAMMPS_NS4Comm8exchangeEv
/g/g90/mitra3/work/LAMMPS/lammps-22Jun07/src/Obj_g++/verlet.cpp:130|_ZN9LAMMPS_NS6Verlet5setupEv
/g/g90/mitra3/work/LAMMPS/lammps-22Jun07/src/Obj_g++/run.cpp:131|_ZN9LAMMPS_NS3Run7commandEiPPc
/g/g90/mitra3/work/LAMMPS/lammps-22Jun07/src/Obj_g++/style.h:66|_ZN9LAMMPS_NS5Input15execute_commandEv
/g/g90/mitra3/work/LAMMPS/lammps-22Jun07/src/Obj_g++/input.cpp:187|_ZN9LAMMPS_NS5Input4fileEv
/g/g90/mitra3/work/LAMMPS/lammps-22Jun07/src/Obj_g++/main.cpp:32|main
??:0|__libc_start_main
69,??:0|_ZN9Backtrace15getGNUBacktraceEv|*
??:0|_ZN9Backtrace12getBacktraceEv|*
??:0|_ZN18TransitionsManager10buildStateEv|*
??:0|_ZN18TransitionsManager22transitionAfterMPICallEv|*
??:0|MPI_Wait|*
/g/g90/mitra3/work/LAMMPS/lammps-22Jun07/src/Obj_g++/comm.cpp:577|_ZN9LAMMPS_NS4Comm8exchangeEv
/g/g90/mitra3/work/LAMMPS/lammps-22Jun07/src/Obj_g++/verlet.cpp:130|_ZN9LAMMPS_NS6Verlet5setupEv
/g/g90/mitra3/work/LAMMPS/lammps-22Jun07/src/Obj_g++/run.cpp:131|_ZN9LAMMPS_NS3Run7commandEiPPc
/g/g90/mitra3/work/LAMMPS/lammps-22Jun07/src/Obj_g++/style.h:66|_ZN9LAMMPS_NS5Input15execute_commandEv
/g/g90/mitra3/work/LAMMPS/lammps-22Jun07/src/Obj_g++/input.cpp:187|_ZN9LAMMPS_NS5Input4fileEv
/g/g90/mitra3/work/LAMMPS/lammps-22Jun07/src/Obj_g++/main.cpp:32|main
??:0|__libc_start_main
70,??:0|_ZN9Backtrace15getGNUBacktraceEv|*
??:0|_ZN9Backtrace12getBacktraceEv|*
??:0|_ZN18TransitionsManager10buildStateEv|*
??:0|_ZN18TransitionsManager23transitionBeforeMPICallEv|*
??:0|_Z13beforeMPICallPKcz|*
??:0|MPI_Irecv|*
/g/g90/mitra3/work/LAMMPS/lammps-22Jun07/src/Obj_g++/comm.cpp:581|_ZN9LAMMPS_NS4Comm8exchangeEv
/g/g90/mitra3/work/LAMMPS/lammps-22Jun07/src/Obj_g++/verlet.cpp:130|_ZN9LAMMPS_NS6Verlet5setupEv
/g/g90/mitra3/work/LAMMPS/lammps-22Jun07/src/Obj_g++/run.cpp:131|_ZN9LAMMPS_NS3Run7commandEiPPc
/g/g90/mitra3/work/LAMMPS/lammps-22Jun07/src/Obj_g++/style.h:66|_ZN9LAMMPS_NS5Input15execute_commandEv
/g/g90/mitra3/work/LAMMPS/lammps-22Jun07/src/Obj_g++/input.cpp:187|_ZN9LAMMPS_NS5Input4fileEv
/g/g90/mitra3/work/LAMMPS/lammps-22Jun07/src/Obj_g++/main.cpp:32|main
??:0|__libc_start_main
71,??:0|_ZN9Backtrace15getGNUBacktraceEv|*
??:0|_ZN9Backtrace12getBacktraceEv|*
??:0|_ZN18TransitionsManager10buildStateEv|*
??:0|_ZN18TransitionsManager22transitionAfterMPICallEv|*
??:0|MPI_Irecv|*
/g/g90/mitra3/work/LAMMPS/lammps-22Jun07/src/Obj_g++/comm.cpp:581|_ZN9LAMMPS_NS4Comm8exchangeEv
/g/g90/mitra3/work/LAMMPS/lammps-22Jun07/src/Obj_g++/verlet.cpp:130|_ZN9LAMMPS_NS6Verlet5setupEv
/g/g90/mitra3/work/LAMMPS/lammps-22Jun07/src/Obj_g++/run.cpp:131|_ZN9LAMMPS_NS3Run7commandEiPPc
/g/g90/mitra3/work/LAMMPS/lammps-22Jun07/src/Obj_g++/style.h:66|_ZN9LAMMPS_NS5Input15execute_commandEv
/g/g90/mitra3/work/LAMMPS/lammps-22Jun07/src/Obj_g++/input.cpp:187|_ZN9LAMMPS_NS5Input4fileEv
/g/g90/mitra3/work/LAMMPS/lammps-22Jun07/src/Obj_g++/main.cpp:32|main
??:0|__libc_start_main
72,??:0|_ZN9Backtrace15getGNUBacktraceEv|*
??:0|_ZN9Backtrace12getBacktraceEv|*
??:0|_ZN18TransitionsManager10buildStateEv|*
??:0|_ZN18TransitionsManager23transitionBeforeMPICallEv|*
??:0|_Z13beforeMPICallPKcz|*
??:0|MPI_Send|*
/g/g90/mitra3/work/LAMMPS/lammps-22Jun07/src/Obj_g++/comm.cpp:582|_ZN9LAMMPS_NS4Comm8exchangeEv
/g/g90/mitra3/work/LAMMPS/lammps-22Jun07/src/Obj_g++/verlet.cpp:130|_ZN9LAMMPS_NS6Verlet5setupEv
/g/g90/mitra3/work/LAMMPS/lammps-22Jun07/src/Obj_g++/run.cpp:131|_ZN9LAMMPS_NS3Run7commandEiPPc
/g/g90/mitra3/work/LAMMPS/lammps-22Jun07/src/Obj_g++/style.h:66|_ZN9LAMMPS_NS5Input15execute_commandEv
/g/g90/mitra3/work/LAMMPS/lammps-22Jun07/src/Obj_g++/input.cpp:187|_ZN9LAMMPS_NS5Input4fileEv
/g/g90/mitra3/work/LAMMPS/lammps-22Jun07/src/Obj_g++/main.cpp:32|main
??:0|__libc_start_main
73,??:0|_ZN9Backtrace15getGNUBacktraceEv|*
??:0|_ZN9Backtrace12getBacktraceEv|*
??:0|_ZN18TransitionsManager10buildStateEv|*
??:0|_ZN18TransitionsManager22transitionAfterMPICallEv|*
??:0|MPI_Send|*
/g/g90/mitra3/work/LAMMPS/lammps-22Jun07/src/Obj_g++/comm.cpp:582|_ZN9LAMMPS_NS4Comm8exchangeEv
/g/g90/mitra3/work/LAMMPS/lammps-22Jun07/src/Obj_g++/verlet.cpp:130|_ZN9LAMMPS_NS6Verlet5setupEv
/g/g90/mitra3/work/LAMMPS/lammps-22Jun07/src/Obj_g++/run.cpp:131|_ZN9LAMMPS_NS3Run7commandEiPPc
/g/g90/mitra3/work/LAMMPS/lammps-22Jun07/src/Obj_g++/style.h:66|_ZN9LAMMPS_NS5Input15execute_commandEv
/g/g90/mitra3/work/LAMMPS/lammps-22Jun07/src/Obj_g++/input.cpp:187|_ZN9LAMMPS_NS5Input4fileEv
/g/g90/mitra3/work/LAMMPS/lammps-22Jun07/src/Obj_g++/main.cpp:32|main
??:0|__libc_start_main
74,??:0|_ZN9Backtrace15getGNUBacktraceEv|*
??:0|_ZN9Backtrace12getBacktraceEv|*
??:0|_ZN18TransitionsManager10buildStateEv|*
??:0|_ZN18TransitionsManager23transitionBeforeMPICallEv|*
??:0|_Z13beforeMPICallPKcz|*
??:0|MPI_Wait|*
/g/g90/mitra3/work/LAMMPS/lammps-22Jun07/src/Obj_g++/comm.cpp:583|_ZN9LAMMPS_NS4Comm8exchangeEv
/g/g90/mitra3/work/LAMMPS/lammps-22Jun07/src/Obj_g++/verlet.cpp:130|_ZN9LAMMPS_NS6Verlet5setupEv
/g/g90/mitra3/work/LAMMPS/lammps-22Jun07/src/Obj_g++/run.cpp:131|_ZN9LAMMPS_NS3Run7commandEiPPc
/g/g90/mitra3/work/LAMMPS/lammps-22Jun07/src/Obj_g++/style.h:66|_ZN9LAMMPS_NS5Input15execute_commandEv
/g/g90/mitra3/work/LAMMPS/lammps-22Jun07/src/Obj_g++/input.cpp:187|_ZN9LAMMPS_NS5Input4fileEv
/g/g90/mitra3/work/LAMMPS/lammps-22Jun07/src/Obj_g++/main.cpp:32|main
??:0|__libc_start_main
75,??:0|_ZN9Backtrace15getGNUBacktraceEv|*
??:0|_ZN9Backtrace12getBacktraceEv|*
??:0|_ZN18TransitionsManager10buildStateEv|*
??:0|_ZN18TransitionsManager22transitionAfterMPICallEv|*
??:0|MPI_Wait|*
/g/g90/mitra3/work/LAMMPS/lammps-22Jun07/src/Obj_g++/comm.cpp:583|_ZN9LAMMPS_NS4Comm8exchangeEv
/g/g90/mitra3/work/LAMMPS/lammps-22Jun07/src/Obj_g++/verlet.cpp:130|_ZN9LAMMPS_NS6Verlet5setupEv
/g/g90/mitra3/work/LAMMPS/lammps-22Jun07/src/Obj_g++/run.cpp:131|_ZN9LAMMPS_NS3Run7commandEiPPc
/g/g90/mitra3/work/LAMMPS/lammps-22Jun07/src/Obj_g++/style.h:66|_ZN9LAMMPS_NS5Input15execute_commandEv
/g/g90/mitra3/work/LAMMPS/lammps-22Jun07/src/Obj_g++/input.cpp:187|_ZN9LAMMPS_NS5Input4fileEv
/g/g90/mitra3/work/LAMMPS/lammps-22Jun07/src/Obj_g++/main.cpp:32|main
??:0|__libc_start_main
76,??:0|_ZN9Backtrace15getGNUBacktraceEv|*
??:0|_ZN9Backtrace12getBacktraceEv|*
??:0|_ZN18TransitionsManager10buildStateEv|*
??:0|_ZN18TransitionsManager23transitionBeforeMPICallEv|*
??:0|_Z13beforeMPICallPKcz|*
??:0|MPI_Sendrecv|*
/g/g90/mitra3/work/LAMMPS/lammps-22Jun07/src/Obj_g++/comm.cpp:688|_ZN9LAMMPS_NS4Comm7bordersEv
/g/g90/mitra3/work/LAMMPS/lammps-22Jun07/src/Obj_g++/verlet.cpp:131|_ZN9LAMMPS_NS6Verlet5setupEv
/g/g90/mitra3/work/LAMMPS/lammps-22Jun07/src/Obj_g++/run.cpp:131|_ZN9LAMMPS_NS3Run7commandEiPPc
/g/g90/mitra3/work/LAMMPS/lammps-22Jun07/src/Obj_g++/style.h:66|_ZN9LAMMPS_NS5Input15execute_commandEv
/g/g90/mitra3/work/LAMMPS/lammps-22Jun07/src/Obj_g++/input.cpp:187|_ZN9LAMMPS_NS5Input4fileEv
/g/g90/mitra3/work/LAMMPS/lammps-22Jun07/src/Obj_g++/main.cpp:32|main
??:0|__libc_start_main
77,??:0|_ZN9Backtrace15getGNUBacktraceEv|*
??:0|_ZN9Backtrace12getBacktraceEv|*
??:0|_ZN18TransitionsManager10buildStateEv|*
??:0|_ZN18TransitionsManager22transitionAfterMPICallEv|*
??:0|MPI_Sendrecv|*
/g/g90/mitra3/work/LAMMPS/lammps-22Jun07/src/Obj_g++/comm.cpp:688|_ZN9LAMMPS_NS4Comm7bordersEv
/g/g90/mitra3/work/LAMMPS/lammps-22Jun07/src/Obj_g++/verlet.cpp:131|_ZN9LAMMPS_NS6Verlet5setupEv
/g/g90/mitra3/work/LAMMPS/lammps-22Jun07/src/Obj_g++/run.cpp:131|_ZN9LAMMPS_NS3Run7commandEiPPc
/g/g90/mitra3/work/LAMMPS/lammps-22Jun07/src/Obj_g++/style.h:66|_ZN9LAMMPS_NS5Input15execute_commandEv
/g/g90/mitra3/work/LAMMPS/lammps-22Jun07/src/Obj_g++/input.cpp:187|_ZN9LAMMPS_NS5Input4fileEv
/g/g90/mitra3/work/LAMMPS/lammps-22Jun07/src/Obj_g++/main.cpp:32|main
??:0|__libc_start_main
78,??:0|_ZN9Backtrace15getGNUBacktraceEv|*
??:0|_ZN9Backtrace12getBacktraceEv|*
??:0|_ZN18TransitionsManager10buildStateEv|*
??:0|_ZN18TransitionsManager23transitionBeforeMPICallEv|*
??:0|_Z13beforeMPICallPKcz|*
??:0|MPI_Irecv|*
/g/g90/mitra3/work/LAMMPS/lammps-22Jun07/src/Obj_g++/comm.cpp:692|_ZN9LAMMPS_NS4Comm7bordersEv
/g/g90/mitra3/work/LAMMPS/lammps-22Jun07/src/Obj_g++/verlet.cpp:131|_ZN9LAMMPS_NS6Verlet5setupEv
/g/g90/mitra3/work/LAMMPS/lammps-22Jun07/src/Obj_g++/run.cpp:131|_ZN9LAMMPS_NS3Run7commandEiPPc
/g/g90/mitra3/work/LAMMPS/lammps-22Jun07/src/Obj_g++/style.h:66|_ZN9LAMMPS_NS5Input15execute_commandEv
/g/g90/mitra3/work/LAMMPS/lammps-22Jun07/src/Obj_g++/input.cpp:187|_ZN9LAMMPS_NS5Input4fileEv
/g/g90/mitra3/work/LAMMPS/lammps-22Jun07/src/Obj_g++/main.cpp:32|main
??:0|__libc_start_main
79,??:0|_ZN9Backtrace15getGNUBacktraceEv|*
??:0|_ZN9Backtrace12getBacktraceEv|*
??:0|_ZN18TransitionsManager10buildStateEv|*
??:0|_ZN18TransitionsManager22transitionAfterMPICallEv|*
??:0|MPI_Irecv|*
/g/g90/mitra3/work/LAMMPS/lammps-22Jun07/src/Obj_g++/comm.cpp:692|_ZN9LAMMPS_NS4Comm7bordersEv
/g/g90/mitra3/work/LAMMPS/lammps-22Jun07/src/Obj_g++/verlet.cpp:131|_ZN9LAMMPS_NS6Verlet5setupEv
/g/g90/mitra3/work/LAMMPS/lammps-22Jun07/src/Obj_g++/run.cpp:131|_ZN9LAMMPS_NS3Run7commandEiPPc
/g/g90/mitra3/work/LAMMPS/lammps-22Jun07/src/Obj_g++/style.h:66|_ZN9LAMMPS_NS5Input15execute_commandEv
/g/g90/mitra3/work/LAMMPS/lammps-22Jun07/src/Obj_g++/input.cpp:187|_ZN9LAMMPS_NS5Input4fileEv
/g/g90/mitra3/work/LAMMPS/lammps-22Jun07/src/Obj_g++/main.cpp:32|main
??:0|__libc_start_main
80,??:0|_ZN9Backtrace15getGNUBacktraceEv|*
??:0|_ZN9Backtrace12getBacktraceEv|*
??:0|_ZN18TransitionsManager10buildStateEv|*
??:0|_ZN18TransitionsManager23transitionBeforeMPICallEv|*
??:0|_Z13beforeMPICallPKcz|*
??:0|MPI_Send|*
/g/g90/mitra3/work/LAMMPS/lammps-22Jun07/src/Obj_g++/comm.cpp:693|_ZN9LAMMPS_NS4Comm7bordersEv
/g/g90/mitra3/work/LAMMPS/lammps-22Jun07/src/Obj_g++/verlet.cpp:131|_ZN9LAMMPS_NS6Verlet5setupEv
/g/g90/mitra3/work/LAMMPS/lammps-22Jun07/src/Obj_g++/run.cpp:131|_ZN9LAMMPS_NS3Run7commandEiPPc
/g/g90/mitra3/work/LAMMPS/lammps-22Jun07/src/Obj_g++/style.h:66|_ZN9LAMMPS_NS5Input15execute_commandEv
/g/g90/mitra3/work/LAMMPS/lammps-22Jun07/src/Obj_g++/input.cpp:187|_ZN9LAMMPS_NS5Input4fileEv
/g/g90/mitra3/work/LAMMPS/lammps-22Jun07/src/Obj_g++/main.cpp:32|main
??:0|__libc_start_main
81,??:0|_ZN9Backtrace15getGNUBacktraceEv|*
??:0|_ZN9Backtrace12getBacktraceEv|*
??:0|_ZN18TransitionsManager10buildStateEv|*
??:0|_ZN18TransitionsManager22transitionAfterMPICallEv|*
??:0|MPI_Send|*
/g/g90/mitra3/work/LAMMPS/lammps-22Jun07/src/Obj_g++/comm.cpp:693|_ZN9LAMMPS_NS4Comm7bordersEv
/g/g90/mitra3/work/LAMMPS/lammps-22Jun07/src/Obj_g++/verlet.cpp:131|_ZN9LAMMPS_NS6Verlet5setupEv
/g/g90/mitra3/work/LAMMPS/lammps-22Jun07/src/Obj_g++/run.cpp:131|_ZN9LAMMPS_NS3Run7commandEiPPc
/g/g90/mitra3/work/LAMMPS/lammps-22Jun07/src/Obj_g++/style.h:66|_ZN9LAMMPS_NS5Input15execute_commandEv
/g/g90/mitra3/work/LAMMPS/lammps-22Jun07/src/Obj_g++/input.cpp:187|_ZN9LAMMPS_NS5Input4fileEv
/g/g90/mitra3/work/LAMMPS/lammps-22Jun07/src/Obj_g++/main.cpp:32|main
??:0|__libc_start_main
82,??:0|_ZN9Backtrace15getGNUBacktraceEv|*
??:0|_ZN9Backtrace12getBacktraceEv|*
??:0|_ZN18TransitionsManager10buildStateEv|*
??:0|_ZN18TransitionsManager23transitionBeforeMPICallEv|*
??:0|_Z13beforeMPICallPKcz|*
??:0|MPI_Wait|*
/g/g90/mitra3/work/LAMMPS/lammps-22Jun07/src/Obj_g++/comm.cpp:694|_ZN9LAMMPS_NS4Comm7bordersEv
/g/g90/mitra3/work/LAMMPS/lammps-22Jun07/src/Obj_g++/verlet.cpp:131|_ZN9LAMMPS_NS6Verlet5setupEv
/g/g90/mitra3/work/LAMMPS/lammps-22Jun07/src/Obj_g++/run.cpp:131|_ZN9LAMMPS_NS3Run7commandEiPPc
/g/g90/mitra3/work/LAMMPS/lammps-22Jun07/src/Obj_g++/style.h:66|_ZN9LAMMPS_NS5Input15execute_commandEv
/g/g90/mitra3/work/LAMMPS/lammps-22Jun07/src/Obj_g++/input.cpp:187|_ZN9LAMMPS_NS5Input4fileEv
/g/g90/mitra3/work/LAMMPS/lammps-22Jun07/src/Obj_g++/main.cpp:32|main
??:0|__libc_start_main
83,??:0|_ZN9Backtrace15getGNUBacktraceEv|*
??:0|_ZN9Backtrace12getBacktraceEv|*
??:0|_ZN18TransitionsManager10buildStateEv|*
??:0|_ZN18TransitionsManager22transitionAfterMPICallEv|*
??:0|MPI_Wait|*
/g/g90/mitra3/work/LAMMPS/lammps-22Jun07/src/Obj_g++/comm.cpp:694|_ZN9LAMMPS_NS4Comm7bordersEv
/g/g90/mitra3/work/LAMMPS/lammps-22Jun07/src/Obj_g++/verlet.cpp:131|_ZN9LAMMPS_NS6Verlet5setupEv
/g/g90/mitra3/work/LAMMPS/lammps-22Jun07/src/Obj_g++/run.cpp:131|_ZN9LAMMPS_NS3Run7commandEiPPc
/g/g90/mitra3/work/LAMMPS/lammps-22Jun07/src/Obj_g++/style.h:66|_ZN9LAMMPS_NS5Input15execute_commandEv
/g/g90/mitra3/work/LAMMPS/lammps-22Jun07/src/Obj_g++/input.cpp:187|_ZN9LAMMPS_NS5Input4fileEv
/g/g90/mitra3/work/LAMMPS/lammps-22Jun07/src/Obj_g++/main.cpp:32|main
??:0|__libc_start_main
84,??:0|_ZN9Backtrace15getGNUBacktraceEv|*
??:0|_ZN9Backtrace12getBacktraceEv|*
??:0|_ZN18TransitionsManager10buildStateEv|*
??:0|_ZN18TransitionsManager23transitionBeforeMPICallEv|*
??:0|_Z13beforeMPICallPKcz|*
??:0|MPI_Irecv|*
/g/g90/mitra3/work/LAMMPS/lammps-22Jun07/src/Obj_g++/comm.cpp:461|_ZN9LAMMPS_NS4Comm19reverse_communicateEv
/g/g90/mitra3/work/LAMMPS/lammps-22Jun07/src/Obj_g++/verlet.cpp:156|_ZN9LAMMPS_NS6Verlet5setupEv
/g/g90/mitra3/work/LAMMPS/lammps-22Jun07/src/Obj_g++/run.cpp:131|_ZN9LAMMPS_NS3Run7commandEiPPc
/g/g90/mitra3/work/LAMMPS/lammps-22Jun07/src/Obj_g++/style.h:66|_ZN9LAMMPS_NS5Input15execute_commandEv
/g/g90/mitra3/work/LAMMPS/lammps-22Jun07/src/Obj_g++/input.cpp:187|_ZN9LAMMPS_NS5Input4fileEv
/g/g90/mitra3/work/LAMMPS/lammps-22Jun07/src/Obj_g++/main.cpp:32|main
??:0|__libc_start_main
85,??:0|_ZN9Backtrace15getGNUBacktraceEv|*
??:0|_ZN9Backtrace12getBacktraceEv|*
??:0|_ZN18TransitionsManager10buildStateEv|*
??:0|_ZN18TransitionsManager22transitionAfterMPICallEv|*
??:0|MPI_Irecv|*
/g/g90/mitra3/work/LAMMPS/lammps-22Jun07/src/Obj_g++/comm.cpp:461|_ZN9LAMMPS_NS4Comm19reverse_communicateEv
/g/g90/mitra3/work/LAMMPS/lammps-22Jun07/src/Obj_g++/verlet.cpp:156|_ZN9LAMMPS_NS6Verlet5setupEv
/g/g90/mitra3/work/LAMMPS/lammps-22Jun07/src/Obj_g++/run.cpp:131|_ZN9LAMMPS_NS3Run7commandEiPPc
/g/g90/mitra3/work/LAMMPS/lammps-22Jun07/src/Obj_g++/style.h:66|_ZN9LAMMPS_NS5Input15execute_commandEv
/g/g90/mitra3/work/LAMMPS/lammps-22Jun07/src/Obj_g++/input.cpp:187|_ZN9LAMMPS_NS5Input4fileEv
/g/g90/mitra3/work/LAMMPS/lammps-22Jun07/src/Obj_g++/main.cpp:32|main
??:0|__libc_start_main
86,??:0|_ZN9Backtrace15getGNUBacktraceEv|*
??:0|_ZN9Backtrace12getBacktraceEv|*
??:0|_ZN18TransitionsManager10buildStateEv|*
??:0|_ZN18TransitionsManager23transitionBeforeMPICallEv|*
??:0|_Z13beforeMPICallPKcz|*
??:0|MPI_Send|*
/g/g90/mitra3/work/LAMMPS/lammps-22Jun07/src/Obj_g++/comm.cpp:465|_ZN9LAMMPS_NS4Comm19reverse_communicateEv
/g/g90/mitra3/work/LAMMPS/lammps-22Jun07/src/Obj_g++/verlet.cpp:156|_ZN9LAMMPS_NS6Verlet5setupEv
/g/g90/mitra3/work/LAMMPS/lammps-22Jun07/src/Obj_g++/run.cpp:131|_ZN9LAMMPS_NS3Run7commandEiPPc
/g/g90/mitra3/work/LAMMPS/lammps-22Jun07/src/Obj_g++/style.h:66|_ZN9LAMMPS_NS5Input15execute_commandEv
/g/g90/mitra3/work/LAMMPS/lammps-22Jun07/src/Obj_g++/input.cpp:187|_ZN9LAMMPS_NS5Input4fileEv
/g/g90/mitra3/work/LAMMPS/lammps-22Jun07/src/Obj_g++/main.cpp:32|main
??:0|__libc_start_main
87,??:0|_ZN9Backtrace15getGNUBacktraceEv|*
??:0|_ZN9Backtrace12getBacktraceEv|*
??:0|_ZN18TransitionsManager10buildStateEv|*
??:0|_ZN18TransitionsManager22transitionAfterMPICallEv|*
??:0|MPI_Send|*
/g/g90/mitra3/work/LAMMPS/lammps-22Jun07/src/Obj_g++/comm.cpp:465|_ZN9LAMMPS_NS4Comm19reverse_communicateEv
/g/g90/mitra3/work/LAMMPS/lammps-22Jun07/src/Obj_g++/verlet.cpp:156|_ZN9LAMMPS_NS6Verlet5setupEv
/g/g90/mitra3/work/LAMMPS/lammps-22Jun07/src/Obj_g++/run.cpp:131|_ZN9LAMMPS_NS3Run7commandEiPPc
/g/g90/mitra3/work/LAMMPS/lammps-22Jun07/src/Obj_g++/style.h:66|_ZN9LAMMPS_NS5Input15execute_commandEv
/g/g90/mitra3/work/LAMMPS/lammps-22Jun07/src/Obj_g++/input.cpp:187|_ZN9LAMMPS_NS5Input4fileEv
/g/g90/mitra3/work/LAMMPS/lammps-22Jun07/src/Obj_g++/main.cpp:32|main
??:0|__libc_start_main
88,??:0|_ZN9Backtrace15getGNUBacktraceEv|*
??:0|_ZN9Backtrace12getBacktraceEv|*
??:0|_ZN18TransitionsManager10buildStateEv|*
??:0|_ZN18TransitionsManager23transitionBeforeMPICallEv|*
??:0|_Z13beforeMPICallPKcz|*
??:0|MPI_Comm_rank|*
/g/g90/mitra3/work/LAMMPS/lammps-22Jun07/src/Obj_g++/comm.cpp:466|_ZN9LAMMPS_NS4Comm19reverse_communicateEv
/g/g90/mitra3/work/LAMMPS/lammps-22Jun07/src/Obj_g++/verlet.cpp:156|_ZN9LAMMPS_NS6Verlet5setupEv
/g/g90/mitra3/work/LAMMPS/lammps-22Jun07/src/Obj_g++/run.cpp:131|_ZN9LAMMPS_NS3Run7commandEiPPc
/g/g90/mitra3/work/LAMMPS/lammps-22Jun07/src/Obj_g++/style.h:66|_ZN9LAMMPS_NS5Input15execute_commandEv
/g/g90/mitra3/work/LAMMPS/lammps-22Jun07/src/Obj_g++/input.cpp:187|_ZN9LAMMPS_NS5Input4fileEv
/g/g90/mitra3/work/LAMMPS/lammps-22Jun07/src/Obj_g++/main.cpp:32|main
??:0|__libc_start_main
89,??:0|_ZN9Backtrace15getGNUBacktraceEv|*
??:0|_ZN9Backtrace12getBacktraceEv|*
??:0|_ZN18TransitionsManager10buildStateEv|*
??:0|_ZN18TransitionsManager22transitionAfterMPICallEv|*
??:0|MPI_Comm_rank|*
/g/g90/mitra3/work/LAMMPS/lammps-22Jun07/src/Obj_g++/comm.cpp:466|_ZN9LAMMPS_NS4Comm19reverse_communicateEv
/g/g90/mitra3/work/LAMMPS/lammps-22Jun07/src/Obj_g++/verlet.cpp:156|_ZN9LAMMPS_NS6Verlet5setupEv
/g/g90/mitra3/work/LAMMPS/lammps-22Jun07/src/Obj_g++/run.cpp:131|_ZN9LAMMPS_NS3Run7commandEiPPc
/g/g90/mitra3/work/LAMMPS/lammps-22Jun07/src/Obj_g++/style.h:66|_ZN9LAMMPS_NS5Input15execute_commandEv
/g/g90/mitra3/work/LAMMPS/lammps-22Jun07/src/Obj_g++/input.cpp:187|_ZN9LAMMPS_NS5Input4fileEv
/g/g90/mitra3/work/LAMMPS/lammps-22Jun07/src/Obj_g++/main.cpp:32|main
??:0|__libc_start_main
90,??:0|_ZN9Backtrace15getGNUBacktraceEv|*
??:0|_ZN9Backtrace12getBacktraceEv|*
??:0|_ZN18TransitionsManager10buildStateEv|*
??:0|_ZN18TransitionsManager23transitionBeforeMPICallEv|*
??:0|_Z13beforeMPICallPKcz|*
??:0|MPI_Wait|*
/g/g90/mitra3/work/LAMMPS/lammps-22Jun07/src/Obj_g++/comm.cpp:472|_ZN9LAMMPS_NS4Comm19reverse_communicateEv
/g/g90/mitra3/work/LAMMPS/lammps-22Jun07/src/Obj_g++/verlet.cpp:156|_ZN9LAMMPS_NS6Verlet5setupEv
/g/g90/mitra3/work/LAMMPS/lammps-22Jun07/src/Obj_g++/run.cpp:131|_ZN9LAMMPS_NS3Run7commandEiPPc
/g/g90/mitra3/work/LAMMPS/lammps-22Jun07/src/Obj_g++/style.h:66|_ZN9LAMMPS_NS5Input15execute_commandEv
/g/g90/mitra3/work/LAMMPS/lammps-22Jun07/src/Obj_g++/input.cpp:187|_ZN9LAMMPS_NS5Input4fileEv
/g/g90/mitra3/work/LAMMPS/lammps-22Jun07/src/Obj_g++/main.cpp:32|main
??:0|__libc_start_main
91,??:0|_ZN9Backtrace15getGNUBacktraceEv|*
??:0|_ZN9Backtrace12getBacktraceEv|*
??:0|_ZN18TransitionsManager10buildStateEv|*
??:0|_ZN18TransitionsManager22transitionAfterMPICallEv|*
??:0|MPI_Wait|*
/g/g90/mitra3/work/LAMMPS/lammps-22Jun07/src/Obj_g++/comm.cpp:472|_ZN9LAMMPS_NS4Comm19reverse_communicateEv
/g/g90/mitra3/work/LAMMPS/lammps-22Jun07/src/Obj_g++/verlet.cpp:156|_ZN9LAMMPS_NS6Verlet5setupEv
/g/g90/mitra3/work/LAMMPS/lammps-22Jun07/src/Obj_g++/run.cpp:131|_ZN9LAMMPS_NS3Run7commandEiPPc
/g/g90/mitra3/work/LAMMPS/lammps-22Jun07/src/Obj_g++/style.h:66|_ZN9LAMMPS_NS5Input15execute_commandEv
/g/g90/mitra3/work/LAMMPS/lammps-22Jun07/src/Obj_g++/input.cpp:187|_ZN9LAMMPS_NS5Input4fileEv
/g/g90/mitra3/work/LAMMPS/lammps-22Jun07/src/Obj_g++/main.cpp:32|main
??:0|__libc_start_main
92,